INSERT INTO university.teacher
    (teacherID, fio, birthday, gender, title, teacherDegree, phone)
VALUES (1, 'Анфиса', '1994-04-05', 'ж', 'доцент',
        'кандидат наук', '4354543'),
       (2, 'Алексей', '1990-02-05', 'м', 'доцент',
        'кандидат наук', '111111'),
       (3, 'Андрей', '1970-01-05', 'м', 'профессор',
        'доктор наук', '222222'),
       (4, 'Юля', '1995-04-05', 'ж', 'доцент',
        'кандидат наук', '433353')
       (5, 'Елена', '1984-01-05', 'ж', 'доцент',
        'кандидат наук', '2244553'),
       (6, 'Иван', '1994-04-05', 'м', 'доцент',
        'кандидат наук', '43545565'),
       (7, 'Георгий', '1999-04-22', 'м', 'доцент',
        'аспирант', '8885445');

INSERT INTO university.faculty
    (facultyID, facultyName)
VALUES (1, 'Первый'),
       (2, 'Шестой');

INSERT INTO university.specialty
    (specialtyID, specialtyName, educationType, facultyID)
VALUES (1, 'ИВТ', 'очная', 2),
       (2, 'ИБАС', 'очная', 2),
       (3, 'АБВ', 'заочная', 1);

INSERT INTO university.specialty
    (specialtyID, specialtyName, educationType, facultyID)
VALUES (1, 1, 2017, 1),
       (2, 2, 2017, 1),
       (3, 3, 2017, 1),
       (4, 1, 2018, 2),
       (5, 1, 2018, 3);

INSERT INTO university.student
    (studentID, fio, birthday, gender, phone)
VALUES (1, 'Андрей', '1994-04-05', 'ж', '4354543'),
       (2, 'Алексей', '1990-02-05', 'м', '784654'),
       (3, 'Василиса', '1999-02-23', 'ж', '765344'),
       (4, 'Алексей', '1996-02-05', 'м', '6745343'),
       (5, 'Лена', '1997-04-06', 'ж', '4354543'),
       (6, 'Алексей', '2000-02-05', 'м', '653565'),
       (7, 'Лиля', '2098-02-25', 'ж', '765786'),
       (8, 'Рома', '1989-02-05', 'м', '7434334'),
       (9, 'Саша', '1994-10-05', 'ж', '655443'),
       (10, 'Алексей', '2002-01-07', 'м', '554542');

INSERT INTO university.studentGroup
    (sudentGroupID, inDate, outData, groupID, studentID)
VALUES (1, '2017-09-01', null, 1, 1),
       (2, '2015-09-01', null, 1, 2),
       (3, '2016-09-01', null, 1, 3),
       (4, '2019-09-01', '2020-09-01', 2, 4),
       (5, '2020-09-01', null, 3, 4),
       (6, '2020-09-01', null, 3, 5),
       (7, '2014-09-01', '2016-09-01', 4, 6),
       (8, '2018-09-01', null, 5, 7),
       (9, '2020-09-01', null, 5, 8),
       (10, '2020-09-01', null, 5, 9),
       (11, '2020-09-01', '2021-09-01', 1, 10);

INSERT INTO university.subject
    (subjectID, subjectName, specialtyID)
VALUES (1, 'noSql', 1),
       (2, 'Java', 1),
       (3, 'OC', 1),
       (4, 'Мат анализ', 2),
       (5, 'Кибербезопасность', 2),
       (6, 'Философия', 3),
       (7, 'Английский язык', 3),
       (8, 'BigData', 1),
       (9, 'Распределенные системы', 2),
       (10, 'Физика', 3);

INSERT INTO university.exam
    (examID, passType, totalHours, semester, subjectID, teacherID)
VALUES (1, 'экзамен', 54, 1, 1, 1),
       (2, 'экзамен', 54, 2, 2, 2),
       (3, 'зачет', 28, 2, 3, 3),
       (4, 'экзамен', 54, 1, 4, 3),
       (5, 'экзамен', 54, 3, 5, 5),
       (6, 'зачет', 16, 4, 6, 6),
       (7, 'экзамен', 48, 1, 7, 7),
       (8, 'зачет', 24, 2, 8, 1),
       (9, 'экзамен', 48, 3, 9, 4),
       (10, 'зачет', 24, 4, 10, 5);

INSERT INTO university.mark
    (markID, evaluation, passDate, subjectID, examID, sign)
VALUES (1, 5, '2019-01-14', 1, 1, 1),
       (2, 4, '2019-01-14', 2, 1, 1),
       (3, 3, '2019-01-14', 3, 1, 1),
       (4, 5, '2020-01-20', 1, 2, 1),
       (5, 3, '2020-01-20', 2, 2, 1),
       (6, 2, '2020-01-20', 3, 2, 1),
       (7, 5, '2018-01-14', 4, 3, 1),
       (8, 2, '2018-01-14', 5, 3, 1),
       (9, 5, '2018-01-14', 6, 3, 1),
       (10, 3, '2019-06-14', 7, 4, 1),
       (11, 4, '2019-06-14', 8, 4, 1),
       (12, 5, '2019-06-14', 9, 4, 1),
       (13, 4, '2019-06-12', 1, 5, 1),
       (14, 2, '2019-06-12', 2, 5, 1),
       (15, 3, '2019-09-12', 2, 5, 1),
       (16, 2, '2019-01-14', 4, 6, 1),
       (17, 5, '2019-02-14', 5, 6, 1),
       (18, 3, '2019-02-14', 6, 7, 1),
       (19, 5, '2020-02-14', 7, 8, 1),
       (20, 3, '2021-02-14', 8, 9, 1),
       (21, 2, '2020-02-14', 9, 10, 1),
       (22, 5, '2019-02-14', 10, 10, 1);

INSERT INTO university.department
    (departmentID, departmentName, headName, phone, specialtyID)
VALUES (1, 'Кафедра технологий', 'Борис', '8932223', 1),
       (2, 'Кафедра математики', 'Артем', '4345443', 1),
       (3, 'Кафедра языков', 'Федор', '894343', 2),
       (4, 'Кафедра безопасности', 'Надежда', '9434231', 2),
       (5, 'Кафедра ин. языка', 'Павел', '892544', 3);

INSERT INTO university.teacherDepartment
(teacherDepartmentID, inDate, outDate, positionTeacher, departmentID, teacherID)
VALUES (1, '2019-06-14', '2021-06-14', 'к.т.н', 1, 1),
       (2, '2018-06-14', null, 'к.т.н', 1, 2),
       (3, '2017-06-14', null, 'д.т.н', 2, 3),
       (4, '2016-06-14', null, 'д.т.н', 2, 4),
       (5, '2011-06-14', null, 'к.т.н', 3, 5),
       (6, '2012-06-14', null, 'к.т.н', 3, 6),
       (7, '2010-06-14', '2020-06-14', 'к.т.н', 4, 7),
       (8, '2021-06-14', null, 'к.т.н', 4, 1),
       (9, '2012-06-14', null, 'д.т.н', 5, 2),
       (10, '2013-06-14', null, 'к.т.н', 5, 3);

